0,owl.Thing,pizza.American,pizza.AmericanHot,pizza.AnchoviesTopping,pizza.ArtichokeTopping,pizza.AsparagusTopping,pizza.Cajun,pizza.CajunSpiceTopping,pizza.CaperTopping,pizza.Capricciosa,pizza.Caprina,pizza.CheeseTopping,pizza.CheeseyVegetableTopping,pizza.ChickenTopping,pizza.DeepPanBase,pizza.DomainConcept,pizza.Fiorentina,pizza.FishTopping,pizza.Food,pizza.FourCheesesTopping,pizza.FourSeasons,pizza.FruitTopping,pizza.FruttiDiMare,pizza.GarlicTopping,pizza.Giardiniera,pizza.GoatsCheeseTopping,pizza.GorgonzolaTopping,pizza.GreenPepperTopping,pizza.HamTopping,pizza.HerbSpiceTopping,pizza.Hot,pizza.HotGreenPepperTopping,pizza.HotSpicedBeefTopping,pizza.IceCream,pizza.JalapenoPepperTopping,pizza.LaReine,pizza.LeekTopping,pizza.Margherita,pizza.MeatTopping,pizza.Medium,pizza.Mild,pizza.MixedSeafoodTopping,pizza.MozzarellaTopping,pizza.Mushroom,pizza.MushroomTopping,pizza.NamedPizza,pizza.Napoletana,pizza.NutTopping,pizza.OliveTopping,pizza.OnionTopping,pizza.ParmaHamTopping,pizza.Parmense,pizza.ParmesanTopping,pizza.PeperonataTopping,pizza.PeperoniSausageTopping,pizza.PepperTopping,pizza.PetitPoisTopping,pizza.PineKernels,pizza.Pizza,pizza.PizzaBase,pizza.PizzaTopping,pizza.PolloAdAstra,pizza.PrawnsTopping,pizza.PrinceCarlo,pizza.QuattroFormaggi,pizza.RedOnionTopping,pizza.RocketTopping,pizza.Rosa,pizza.RosemaryTopping,pizza.SauceTopping,pizza.Siciliana,pizza.SlicedTomatoTopping,pizza.SloppyGiuseppe,pizza.Soho,pizza.Spiciness,pizza.SpinachTopping,pizza.SultanaTopping,pizza.SundriedTomatoTopping,pizza.SweetPepperTopping,pizza.ThinAndCrispyBase,pizza.TobascoPepperSauce,pizza.TomatoTopping,pizza.UnclosedPizza,pizza.ValuePartition,pizza.VegetableTopping,pizza.Veneziana
owl.Thing,1.0,1,1,1,1,1,1,1,1,1,1,1,1,1,1,1.0,1,1,1.0,1,1,1,1,1,1,1,1,1,1,1,1,1,1,1,1,1,1,1,1.0,1,1,1,1,1,1,1,1,1,1,1,1,1,1,1,1,1.0,1,1,1.0,1,1.0,1,1,1,1,1,1,1,1,1,1,1,1,1,1,1,1,1,1,1,1,1,1,1.0,1.0,1
pizza.American,0.2,1,1,1,1,1,1,1,1,1,1,1,1,1,1,0.25,1,1,0.33,1,1,1,1,1,1,1,1,1,1,1,1,1,1,1,1,1,1,1,1.0,1,1,1,1,1,1,1,1,1,1,1,1,1,1,1,1,1.0,1,1,0.5,1,1.0,1,1,1,1,1,1,1,1,1,1,1,1,1,1,1,1,1,1,1,1,1,1,1.0,1.0,1
pizza.AmericanHot,0.2,1,1,1,1,1,1,1,1,1,1,1,1,1,1,0.25,1,1,0.33,1,1,1,1,1,1,1,1,1,1,1,1,1,1,1,1,1,1,1,1.0,1,1,1,1,1,1,1,1,1,1,1,1,1,1,1,1,1.0,1,1,0.5,1,1.0,1,1,1,1,1,1,1,1,1,1,1,1,1,1,1,1,1,1,1,1,1,1,1.0,1.0,1
pizza.AnchoviesTopping,0.2,1,1,1,1,1,1,1,1,1,1,1,1,1,1,0.25,1,1,0.33,1,1,1,1,1,1,1,1,1,1,1,1,1,1,1,1,1,1,1,1.0,1,1,1,1,1,1,1,1,1,1,1,1,1,1,1,1,1.0,1,1,1.0,1,0.5,1,1,1,1,1,1,1,1,1,1,1,1,1,1,1,1,1,1,1,1,1,1,1.0,1.0,1
pizza.ArtichokeTopping,0.2,1,1,1,1,1,1,1,1,1,1,1,1,1,1,0.25,1,1,0.33,1,1,1,1,1,1,1,1,1,1,1,1,1,1,1,1,1,1,1,1.0,1,1,1,1,1,1,1,1,1,1,1,1,1,1,1,1,1.0,1,1,1.0,1,0.5,1,1,1,1,1,1,1,1,1,1,1,1,1,1,1,1,1,1,1,1,1,1,1.0,1.0,1
pizza.AsparagusTopping,0.2,1,1,1,1,1,1,1,1,1,1,1,1,1,1,0.25,1,1,0.33,1,1,1,1,1,1,1,1,1,1,1,1,1,1,1,1,1,1,1,1.0,1,1,1,1,1,1,1,1,1,1,1,1,1,1,1,1,1.0,1,1,1.0,1,0.5,1,1,1,1,1,1,1,1,1,1,1,1,1,1,1,1,1,1,1,1,1,1,1.0,1.0,1
pizza.Cajun,0.2,1,1,1,1,1,1,1,1,1,1,1,1,1,1,0.25,1,1,0.33,1,1,1,1,1,1,1,1,1,1,1,1,1,1,1,1,1,1,1,1.0,1,1,1,1,1,1,1,1,1,1,1,1,1,1,1,1,1.0,1,1,0.5,1,1.0,1,1,1,1,1,1,1,1,1,1,1,1,1,1,1,1,1,1,1,1,1,1,1.0,1.0,1
pizza.CajunSpiceTopping,0.2,1,1,1,1,1,1,1,1,1,1,1,1,1,1,0.25,1,1,0.33,1,1,1,1,1,1,1,1,1,1,1,1,1,1,1,1,1,1,1,1.0,1,1,1,1,1,1,1,1,1,1,1,1,1,1,1,1,1.0,1,1,1.0,1,0.5,1,1,1,1,1,1,1,1,1,1,1,1,1,1,1,1,1,1,1,1,1,1,1.0,1.0,1
pizza.CaperTopping,0.2,1,1,1,1,1,1,1,1,1,1,1,1,1,1,0.25,1,1,0.33,1,1,1,1,1,1,1,1,1,1,1,1,1,1,1,1,1,1,1,1.0,1,1,1,1,1,1,1,1,1,1,1,1,1,1,1,1,1.0,1,1,1.0,1,0.5,1,1,1,1,1,1,1,1,1,1,1,1,1,1,1,1,1,1,1,1,1,1,1.0,1.0,1
pizza.Capricciosa,0.2,1,1,1,1,1,1,1,1,1,1,1,1,1,1,0.25,1,1,0.33,1,1,1,1,1,1,1,1,1,1,1,1,1,1,1,1,1,1,1,1.0,1,1,1,1,1,1,1,1,1,1,1,1,1,1,1,1,1.0,1,1,0.5,1,1.0,1,1,1,1,1,1,1,1,1,1,1,1,1,1,1,1,1,1,1,1,1,1,1.0,1.0,1
pizza.Caprina,0.2,1,1,1,1,1,1,1,1,1,1,1,1,1,1,0.25,1,1,0.33,1,1,1,1,1,1,1,1,1,1,1,1,1,1,1,1,1,1,1,1.0,1,1,1,1,1,1,1,1,1,1,1,1,1,1,1,1,1.0,1,1,0.5,1,1.0,1,1,1,1,1,1,1,1,1,1,1,1,1,1,1,1,1,1,1,1,1,1,1.0,1.0,1
pizza.CheeseTopping,0.25,1,1,1,1,1,1,1,1,1,1,1,1,1,1,0.33,1,1,0.5,1,1,1,1,1,1,1,1,1,1,1,1,1,1,1,1,1,1,1,1.0,1,1,1,1,1,1,1,1,1,1,1,1,1,1,1,1,1.0,1,1,1.0,1,1.0,1,1,1,1,1,1,1,1,1,1,1,1,1,1,1,1,1,1,1,1,1,1,1.0,1.0,1
pizza.CheeseyVegetableTopping,0.2,1,1,1,1,1,1,1,1,1,1,1,1,1,1,0.25,1,1,0.33,1,1,1,1,1,1,1,1,1,1,1,1,1,1,1,1,1,1,1,1.0,1,1,1,1,1,1,1,1,1,1,1,1,1,1,1,1,1.0,1,1,1.0,1,0.5,1,1,1,1,1,1,1,1,1,1,1,1,1,1,1,1,1,1,1,1,1,1,1.0,1.0,1
pizza.ChickenTopping,0.2,1,1,1,1,1,1,1,1,1,1,1,1,1,1,0.25,1,1,0.33,1,1,1,1,1,1,1,1,1,1,1,1,1,1,1,1,1,1,1,1.0,1,1,1,1,1,1,1,1,1,1,1,1,1,1,1,1,1.0,1,1,1.0,1,0.5,1,1,1,1,1,1,1,1,1,1,1,1,1,1,1,1,1,1,1,1,1,1,1.0,1.0,1
pizza.DeepPanBase,0.25,1,1,1,1,1,1,1,1,1,1,1,1,1,1,0.33,1,1,0.5,1,1,1,1,1,1,1,1,1,1,1,1,1,1,1,1,1,1,1,1.0,1,1,1,1,1,1,1,1,1,1,1,1,1,1,1,1,1.0,1,1,1.0,1,1.0,1,1,1,1,1,1,1,1,1,1,1,1,1,1,1,1,1,1,1,1,1,1,1.0,1.0,1
pizza.DomainConcept,1.0,1,1,1,1,1,1,1,1,1,1,1,1,1,1,1.0,1,1,1.0,1,1,1,1,1,1,1,1,1,1,1,1,1,1,1,1,1,1,1,1.0,1,1,1,1,1,1,1,1,1,1,1,1,1,1,1,1,1.0,1,1,1.0,1,1.0,1,1,1,1,1,1,1,1,1,1,1,1,1,1,1,1,1,1,1,1,1,1,1.0,1.0,1
pizza.Fiorentina,0.2,1,1,1,1,1,1,1,1,1,1,1,1,1,1,0.25,1,1,0.33,1,1,1,1,1,1,1,1,1,1,1,1,1,1,1,1,1,1,1,1.0,1,1,1,1,1,1,1,1,1,1,1,1,1,1,1,1,1.0,1,1,0.5,1,1.0,1,1,1,1,1,1,1,1,1,1,1,1,1,1,1,1,1,1,1,1,1,1,1.0,1.0,1
pizza.FishTopping,0.25,1,1,1,1,1,1,1,1,1,1,1,1,1,1,0.33,1,1,0.5,1,1,1,1,1,1,1,1,1,1,1,1,1,1,1,1,1,1,1,1.0,1,1,1,1,1,1,1,1,1,1,1,1,1,1,1,1,1.0,1,1,1.0,1,1.0,1,1,1,1,1,1,1,1,1,1,1,1,1,1,1,1,1,1,1,1,1,1,1.0,1.0,1
pizza.Food,0.5,1,1,1,1,1,1,1,1,1,1,1,1,1,1,1.0,1,1,1.0,1,1,1,1,1,1,1,1,1,1,1,1,1,1,1,1,1,1,1,1.0,1,1,1,1,1,1,1,1,1,1,1,1,1,1,1,1,1.0,1,1,1.0,1,1.0,1,1,1,1,1,1,1,1,1,1,1,1,1,1,1,1,1,1,1,1,1,1,1.0,1.0,1
pizza.FourCheesesTopping,0.2,1,1,1,1,1,1,1,1,1,1,1,1,1,1,0.25,1,1,0.33,1,1,1,1,1,1,1,1,1,1,1,1,1,1,1,1,1,1,1,1.0,1,1,1,1,1,1,1,1,1,1,1,1,1,1,1,1,1.0,1,1,1.0,1,0.5,1,1,1,1,1,1,1,1,1,1,1,1,1,1,1,1,1,1,1,1,1,1,1.0,1.0,1
pizza.FourSeasons,0.2,1,1,1,1,1,1,1,1,1,1,1,1,1,1,0.25,1,1,0.33,1,1,1,1,1,1,1,1,1,1,1,1,1,1,1,1,1,1,1,1.0,1,1,1,1,1,1,1,1,1,1,1,1,1,1,1,1,1.0,1,1,0.5,1,1.0,1,1,1,1,1,1,1,1,1,1,1,1,1,1,1,1,1,1,1,1,1,1,1.0,1.0,1
pizza.FruitTopping,0.25,1,1,1,1,1,1,1,1,1,1,1,1,1,1,0.33,1,1,0.5,1,1,1,1,1,1,1,1,1,1,1,1,1,1,1,1,1,1,1,1.0,1,1,1,1,1,1,1,1,1,1,1,1,1,1,1,1,1.0,1,1,1.0,1,1.0,1,1,1,1,1,1,1,1,1,1,1,1,1,1,1,1,1,1,1,1,1,1,1.0,1.0,1
pizza.FruttiDiMare,0.2,1,1,1,1,1,1,1,1,1,1,1,1,1,1,0.25,1,1,0.33,1,1,1,1,1,1,1,1,1,1,1,1,1,1,1,1,1,1,1,1.0,1,1,1,1,1,1,1,1,1,1,1,1,1,1,1,1,1.0,1,1,0.5,1,1.0,1,1,1,1,1,1,1,1,1,1,1,1,1,1,1,1,1,1,1,1,1,1,1.0,1.0,1
pizza.GarlicTopping,0.2,1,1,1,1,1,1,1,1,1,1,1,1,1,1,0.25,1,1,0.33,1,1,1,1,1,1,1,1,1,1,1,1,1,1,1,1,1,1,1,1.0,1,1,1,1,1,1,1,1,1,1,1,1,1,1,1,1,1.0,1,1,1.0,1,0.5,1,1,1,1,1,1,1,1,1,1,1,1,1,1,1,1,1,1,1,1,1,1,1.0,1.0,1
pizza.Giardiniera,0.2,1,1,1,1,1,1,1,1,1,1,1,1,1,1,0.25,1,1,0.33,1,1,1,1,1,1,1,1,1,1,1,1,1,1,1,1,1,1,1,1.0,1,1,1,1,1,1,1,1,1,1,1,1,1,1,1,1,1.0,1,1,0.5,1,1.0,1,1,1,1,1,1,1,1,1,1,1,1,1,1,1,1,1,1,1,1,1,1,1.0,1.0,1
pizza.GoatsCheeseTopping,0.2,1,1,1,1,1,1,1,1,1,1,1,1,1,1,0.25,1,1,0.33,1,1,1,1,1,1,1,1,1,1,1,1,1,1,1,1,1,1,1,1.0,1,1,1,1,1,1,1,1,1,1,1,1,1,1,1,1,1.0,1,1,1.0,1,0.5,1,1,1,1,1,1,1,1,1,1,1,1,1,1,1,1,1,1,1,1,1,1,1.0,1.0,1
pizza.GorgonzolaTopping,0.2,1,1,1,1,1,1,1,1,1,1,1,1,1,1,0.25,1,1,0.33,1,1,1,1,1,1,1,1,1,1,1,1,1,1,1,1,1,1,1,1.0,1,1,1,1,1,1,1,1,1,1,1,1,1,1,1,1,1.0,1,1,1.0,1,0.5,1,1,1,1,1,1,1,1,1,1,1,1,1,1,1,1,1,1,1,1,1,1,1.0,1.0,1
pizza.GreenPepperTopping,0.17,1,1,1,1,1,1,1,1,1,1,1,1,1,1,0.2,1,1,0.25,1,1,1,1,1,1,1,1,1,1,1,1,1,1,1,1,1,1,1,1.0,1,1,1,1,1,1,1,1,1,1,1,1,1,1,1,1,1.0,1,1,1.0,1,0.33,1,1,1,1,1,1,1,1,1,1,1,1,1,1,1,1,1,1,1,1,1,1,1.0,0.5,1
pizza.HamTopping,0.2,1,1,1,1,1,1,1,1,1,1,1,1,1,1,0.25,1,1,0.33,1,1,1,1,1,1,1,1,1,1,1,1,1,1,1,1,1,1,1,1.0,1,1,1,1,1,1,1,1,1,1,1,1,1,1,1,1,1.0,1,1,1.0,1,0.5,1,1,1,1,1,1,1,1,1,1,1,1,1,1,1,1,1,1,1,1,1,1,1.0,1.0,1
pizza.HerbSpiceTopping,0.25,1,1,1,1,1,1,1,1,1,1,1,1,1,1,0.33,1,1,0.5,1,1,1,1,1,1,1,1,1,1,1,1,1,1,1,1,1,1,1,1.0,1,1,1,1,1,1,1,1,1,1,1,1,1,1,1,1,1.0,1,1,1.0,1,1.0,1,1,1,1,1,1,1,1,1,1,1,1,1,1,1,1,1,1,1,1,1,1,1.0,1.0,1
pizza.Hot,0.33,1,1,1,1,1,1,1,1,1,1,1,1,1,1,1.0,1,1,1.0,1,1,1,1,1,1,1,1,1,1,1,1,1,1,1,1,1,1,1,1.0,1,1,1,1,1,1,1,1,1,1,1,1,1,1,1,1,1.0,1,1,1.0,1,1.0,1,1,1,1,1,1,1,1,1,1,1,1,1,1,1,1,1,1,1,1,1,1,0.5,1.0,1
pizza.HotGreenPepperTopping,0.14,1,1,1,1,1,1,1,1,1,1,1,1,1,1,0.17,1,1,0.2,1,1,1,1,1,1,1,1,1,1,1,1,1,1,1,1,1,1,1,1.0,1,1,1,1,1,1,1,1,1,1,1,1,1,1,1,1,0.5,1,1,1.0,1,0.25,1,1,1,1,1,1,1,1,1,1,1,1,1,1,1,1,1,1,1,1,1,1,1.0,0.33,1
pizza.HotSpicedBeefTopping,0.2,1,1,1,1,1,1,1,1,1,1,1,1,1,1,0.25,1,1,0.33,1,1,1,1,1,1,1,1,1,1,1,1,1,1,1,1,1,1,1,1.0,1,1,1,1,1,1,1,1,1,1,1,1,1,1,1,1,1.0,1,1,1.0,1,0.5,1,1,1,1,1,1,1,1,1,1,1,1,1,1,1,1,1,1,1,1,1,1,1.0,1.0,1
pizza.IceCream,0.33,1,1,1,1,1,1,1,1,1,1,1,1,1,1,0.5,1,1,1.0,1,1,1,1,1,1,1,1,1,1,1,1,1,1,1,1,1,1,1,1.0,1,1,1,1,1,1,1,1,1,1,1,1,1,1,1,1,1.0,1,1,1.0,1,1.0,1,1,1,1,1,1,1,1,1,1,1,1,1,1,1,1,1,1,1,1,1,1,1.0,1.0,1
pizza.JalapenoPepperTopping,0.17,1,1,1,1,1,1,1,1,1,1,1,1,1,1,0.2,1,1,0.25,1,1,1,1,1,1,1,1,1,1,1,1,1,1,1,1,1,1,1,1.0,1,1,1,1,1,1,1,1,1,1,1,1,1,1,1,1,1.0,1,1,1.0,1,0.33,1,1,1,1,1,1,1,1,1,1,1,1,1,1,1,1,1,1,1,1,1,1,1.0,0.5,1
pizza.LaReine,0.2,1,1,1,1,1,1,1,1,1,1,1,1,1,1,0.25,1,1,0.33,1,1,1,1,1,1,1,1,1,1,1,1,1,1,1,1,1,1,1,1.0,1,1,1,1,1,1,1,1,1,1,1,1,1,1,1,1,1.0,1,1,0.5,1,1.0,1,1,1,1,1,1,1,1,1,1,1,1,1,1,1,1,1,1,1,1,1,1,1.0,1.0,1
pizza.LeekTopping,0.2,1,1,1,1,1,1,1,1,1,1,1,1,1,1,0.25,1,1,0.33,1,1,1,1,1,1,1,1,1,1,1,1,1,1,1,1,1,1,1,1.0,1,1,1,1,1,1,1,1,1,1,1,1,1,1,1,1,1.0,1,1,1.0,1,0.5,1,1,1,1,1,1,1,1,1,1,1,1,1,1,1,1,1,1,1,1,1,1,1.0,1.0,1
pizza.Margherita,0.2,1,1,1,1,1,1,1,1,1,1,1,1,1,1,0.25,1,1,0.33,1,1,1,1,1,1,1,1,1,1,1,1,1,1,1,1,1,1,1,1.0,1,1,1,1,1,1,1,1,1,1,1,1,1,1,1,1,1.0,1,1,0.5,1,1.0,1,1,1,1,1,1,1,1,1,1,1,1,1,1,1,1,1,1,1,1,1,1,1.0,1.0,1
pizza.MeatTopping,0.25,1,1,1,1,1,1,1,1,1,1,1,1,1,1,0.33,1,1,0.5,1,1,1,1,1,1,1,1,1,1,1,1,1,1,1,1,1,1,1,1.0,1,1,1,1,1,1,1,1,1,1,1,1,1,1,1,1,1.0,1,1,1.0,1,1.0,1,1,1,1,1,1,1,1,1,1,1,1,1,1,1,1,1,1,1,1,1,1,1.0,1.0,1
pizza.Medium,0.33,1,1,1,1,1,1,1,1,1,1,1,1,1,1,1.0,1,1,1.0,1,1,1,1,1,1,1,1,1,1,1,1,1,1,1,1,1,1,1,1.0,1,1,1,1,1,1,1,1,1,1,1,1,1,1,1,1,1.0,1,1,1.0,1,1.0,1,1,1,1,1,1,1,1,1,1,1,1,1,1,1,1,1,1,1,1,1,1,0.5,1.0,1
pizza.Mild,0.33,1,1,1,1,1,1,1,1,1,1,1,1,1,1,1.0,1,1,1.0,1,1,1,1,1,1,1,1,1,1,1,1,1,1,1,1,1,1,1,1.0,1,1,1,1,1,1,1,1,1,1,1,1,1,1,1,1,1.0,1,1,1.0,1,1.0,1,1,1,1,1,1,1,1,1,1,1,1,1,1,1,1,1,1,1,1,1,1,0.5,1.0,1
pizza.MixedSeafoodTopping,0.2,1,1,1,1,1,1,1,1,1,1,1,1,1,1,0.25,1,1,0.33,1,1,1,1,1,1,1,1,1,1,1,1,1,1,1,1,1,1,1,1.0,1,1,1,1,1,1,1,1,1,1,1,1,1,1,1,1,1.0,1,1,1.0,1,0.5,1,1,1,1,1,1,1,1,1,1,1,1,1,1,1,1,1,1,1,1,1,1,1.0,1.0,1
pizza.MozzarellaTopping,0.2,1,1,1,1,1,1,1,1,1,1,1,1,1,1,0.25,1,1,0.33,1,1,1,1,1,1,1,1,1,1,1,1,1,1,1,1,1,1,1,1.0,1,1,1,1,1,1,1,1,1,1,1,1,1,1,1,1,1.0,1,1,1.0,1,0.5,1,1,1,1,1,1,1,1,1,1,1,1,1,1,1,1,1,1,1,1,1,1,1.0,1.0,1
pizza.Mushroom,0.2,1,1,1,1,1,1,1,1,1,1,1,1,1,1,0.25,1,1,0.33,1,1,1,1,1,1,1,1,1,1,1,1,1,1,1,1,1,1,1,1.0,1,1,1,1,1,1,1,1,1,1,1,1,1,1,1,1,1.0,1,1,0.5,1,1.0,1,1,1,1,1,1,1,1,1,1,1,1,1,1,1,1,1,1,1,1,1,1,1.0,1.0,1
pizza.MushroomTopping,0.2,1,1,1,1,1,1,1,1,1,1,1,1,1,1,0.25,1,1,0.33,1,1,1,1,1,1,1,1,1,1,1,1,1,1,1,1,1,1,1,1.0,1,1,1,1,1,1,1,1,1,1,1,1,1,1,1,1,1.0,1,1,1.0,1,0.5,1,1,1,1,1,1,1,1,1,1,1,1,1,1,1,1,1,1,1,1,1,1,1.0,1.0,1
pizza.NamedPizza,0.25,1,1,1,1,1,1,1,1,1,1,1,1,1,1,0.33,1,1,0.5,1,1,1,1,1,1,1,1,1,1,1,1,1,1,1,1,1,1,1,1.0,1,1,1,1,1,1,1,1,1,1,1,1,1,1,1,1,1.0,1,1,1.0,1,1.0,1,1,1,1,1,1,1,1,1,1,1,1,1,1,1,1,1,1,1,1,1,1,1.0,1.0,1
pizza.Napoletana,0.2,1,1,1,1,1,1,1,1,1,1,1,1,1,1,0.25,1,1,0.33,1,1,1,1,1,1,1,1,1,1,1,1,1,1,1,1,1,1,1,1.0,1,1,1,1,1,1,1,1,1,1,1,1,1,1,1,1,1.0,1,1,0.5,1,1.0,1,1,1,1,1,1,1,1,1,1,1,1,1,1,1,1,1,1,1,1,1,1,1.0,1.0,1
pizza.NutTopping,0.25,1,1,1,1,1,1,1,1,1,1,1,1,1,1,0.33,1,1,0.5,1,1,1,1,1,1,1,1,1,1,1,1,1,1,1,1,1,1,1,1.0,1,1,1,1,1,1,1,1,1,1,1,1,1,1,1,1,1.0,1,1,1.0,1,1.0,1,1,1,1,1,1,1,1,1,1,1,1,1,1,1,1,1,1,1,1,1,1,1.0,1.0,1
pizza.OliveTopping,0.2,1,1,1,1,1,1,1,1,1,1,1,1,1,1,0.25,1,1,0.33,1,1,1,1,1,1,1,1,1,1,1,1,1,1,1,1,1,1,1,1.0,1,1,1,1,1,1,1,1,1,1,1,1,1,1,1,1,1.0,1,1,1.0,1,0.5,1,1,1,1,1,1,1,1,1,1,1,1,1,1,1,1,1,1,1,1,1,1,1.0,1.0,1
pizza.OnionTopping,0.2,1,1,1,1,1,1,1,1,1,1,1,1,1,1,0.25,1,1,0.33,1,1,1,1,1,1,1,1,1,1,1,1,1,1,1,1,1,1,1,1.0,1,1,1,1,1,1,1,1,1,1,1,1,1,1,1,1,1.0,1,1,1.0,1,0.5,1,1,1,1,1,1,1,1,1,1,1,1,1,1,1,1,1,1,1,1,1,1,1.0,1.0,1
pizza.ParmaHamTopping,0.17,1,1,1,1,1,1,1,1,1,1,1,1,1,1,0.2,1,1,0.25,1,1,1,1,1,1,1,1,1,1,1,1,1,1,1,1,1,1,1,0.5,1,1,1,1,1,1,1,1,1,1,1,1,1,1,1,1,1.0,1,1,1.0,1,0.33,1,1,1,1,1,1,1,1,1,1,1,1,1,1,1,1,1,1,1,1,1,1,1.0,1.0,1
pizza.Parmense,0.2,1,1,1,1,1,1,1,1,1,1,1,1,1,1,0.25,1,1,0.33,1,1,1,1,1,1,1,1,1,1,1,1,1,1,1,1,1,1,1,1.0,1,1,1,1,1,1,1,1,1,1,1,1,1,1,1,1,1.0,1,1,0.5,1,1.0,1,1,1,1,1,1,1,1,1,1,1,1,1,1,1,1,1,1,1,1,1,1,1.0,1.0,1
pizza.ParmesanTopping,0.2,1,1,1,1,1,1,1,1,1,1,1,1,1,1,0.25,1,1,0.33,1,1,1,1,1,1,1,1,1,1,1,1,1,1,1,1,1,1,1,1.0,1,1,1,1,1,1,1,1,1,1,1,1,1,1,1,1,1.0,1,1,1.0,1,0.5,1,1,1,1,1,1,1,1,1,1,1,1,1,1,1,1,1,1,1,1,1,1,1.0,1.0,1
pizza.PeperonataTopping,0.17,1,1,1,1,1,1,1,1,1,1,1,1,1,1,0.2,1,1,0.25,1,1,1,1,1,1,1,1,1,1,1,1,1,1,1,1,1,1,1,1.0,1,1,1,1,1,1,1,1,1,1,1,1,1,1,1,1,1.0,1,1,1.0,1,0.33,1,1,1,1,1,1,1,1,1,1,1,1,1,1,1,1,1,1,1,1,1,1,1.0,0.5,1
pizza.PeperoniSausageTopping,0.2,1,1,1,1,1,1,1,1,1,1,1,1,1,1,0.25,1,1,0.33,1,1,1,1,1,1,1,1,1,1,1,1,1,1,1,1,1,1,1,1.0,1,1,1,1,1,1,1,1,1,1,1,1,1,1,1,1,1.0,1,1,1.0,1,0.5,1,1,1,1,1,1,1,1,1,1,1,1,1,1,1,1,1,1,1,1,1,1,1.0,1.0,1
pizza.PepperTopping,0.2,1,1,1,1,1,1,1,1,1,1,1,1,1,1,0.25,1,1,0.33,1,1,1,1,1,1,1,1,1,1,1,1,1,1,1,1,1,1,1,1.0,1,1,1,1,1,1,1,1,1,1,1,1,1,1,1,1,1.0,1,1,1.0,1,0.5,1,1,1,1,1,1,1,1,1,1,1,1,1,1,1,1,1,1,1,1,1,1,1.0,1.0,1
pizza.PetitPoisTopping,0.2,1,1,1,1,1,1,1,1,1,1,1,1,1,1,0.25,1,1,0.33,1,1,1,1,1,1,1,1,1,1,1,1,1,1,1,1,1,1,1,1.0,1,1,1,1,1,1,1,1,1,1,1,1,1,1,1,1,1.0,1,1,1.0,1,0.5,1,1,1,1,1,1,1,1,1,1,1,1,1,1,1,1,1,1,1,1,1,1,1.0,1.0,1
pizza.PineKernels,0.2,1,1,1,1,1,1,1,1,1,1,1,1,1,1,0.25,1,1,0.33,1,1,1,1,1,1,1,1,1,1,1,1,1,1,1,1,1,1,1,1.0,1,1,1,1,1,1,1,1,1,1,1,1,1,1,1,1,1.0,1,1,1.0,1,0.5,1,1,1,1,1,1,1,1,1,1,1,1,1,1,1,1,1,1,1,1,1,1,1.0,1.0,1
pizza.Pizza,0.33,1,1,1,1,1,1,1,1,1,1,1,1,1,1,0.5,1,1,1.0,1,1,1,1,1,1,1,1,1,1,1,1,1,1,1,1,1,1,1,1.0,1,1,1,1,1,1,1,1,1,1,1,1,1,1,1,1,1.0,1,1,1.0,1,1.0,1,1,1,1,1,1,1,1,1,1,1,1,1,1,1,1,1,1,1,1,1,1,1.0,1.0,1
pizza.PizzaBase,0.33,1,1,1,1,1,1,1,1,1,1,1,1,1,1,0.5,1,1,1.0,1,1,1,1,1,1,1,1,1,1,1,1,1,1,1,1,1,1,1,1.0,1,1,1,1,1,1,1,1,1,1,1,1,1,1,1,1,1.0,1,1,1.0,1,1.0,1,1,1,1,1,1,1,1,1,1,1,1,1,1,1,1,1,1,1,1,1,1,1.0,1.0,1
pizza.PizzaTopping,0.33,1,1,1,1,1,1,1,1,1,1,1,1,1,1,0.5,1,1,1.0,1,1,1,1,1,1,1,1,1,1,1,1,1,1,1,1,1,1,1,1.0,1,1,1,1,1,1,1,1,1,1,1,1,1,1,1,1,1.0,1,1,1.0,1,1.0,1,1,1,1,1,1,1,1,1,1,1,1,1,1,1,1,1,1,1,1,1,1,1.0,1.0,1
pizza.PolloAdAstra,0.2,1,1,1,1,1,1,1,1,1,1,1,1,1,1,0.25,1,1,0.33,1,1,1,1,1,1,1,1,1,1,1,1,1,1,1,1,1,1,1,1.0,1,1,1,1,1,1,1,1,1,1,1,1,1,1,1,1,1.0,1,1,0.5,1,1.0,1,1,1,1,1,1,1,1,1,1,1,1,1,1,1,1,1,1,1,1,1,1,1.0,1.0,1
pizza.PrawnsTopping,0.2,1,1,1,1,1,1,1,1,1,1,1,1,1,1,0.25,1,1,0.33,1,1,1,1,1,1,1,1,1,1,1,1,1,1,1,1,1,1,1,1.0,1,1,1,1,1,1,1,1,1,1,1,1,1,1,1,1,1.0,1,1,1.0,1,0.5,1,1,1,1,1,1,1,1,1,1,1,1,1,1,1,1,1,1,1,1,1,1,1.0,1.0,1
pizza.PrinceCarlo,0.2,1,1,1,1,1,1,1,1,1,1,1,1,1,1,0.25,1,1,0.33,1,1,1,1,1,1,1,1,1,1,1,1,1,1,1,1,1,1,1,1.0,1,1,1,1,1,1,1,1,1,1,1,1,1,1,1,1,1.0,1,1,0.5,1,1.0,1,1,1,1,1,1,1,1,1,1,1,1,1,1,1,1,1,1,1,1,1,1,1.0,1.0,1
pizza.QuattroFormaggi,0.2,1,1,1,1,1,1,1,1,1,1,1,1,1,1,0.25,1,1,0.33,1,1,1,1,1,1,1,1,1,1,1,1,1,1,1,1,1,1,1,1.0,1,1,1,1,1,1,1,1,1,1,1,1,1,1,1,1,1.0,1,1,0.5,1,1.0,1,1,1,1,1,1,1,1,1,1,1,1,1,1,1,1,1,1,1,1,1,1,1.0,1.0,1
pizza.RedOnionTopping,0.17,1,1,1,1,1,1,1,1,1,1,1,1,1,1,0.2,1,1,0.25,1,1,1,1,1,1,1,1,1,1,1,1,1,1,1,1,1,1,1,1.0,1,1,1,1,1,1,1,1,1,1,1,1,1,1,1,1,1.0,1,1,1.0,1,0.33,1,1,1,1,1,1,1,1,1,1,1,1,1,1,1,1,1,1,1,1,1,1,1.0,0.5,1
pizza.RocketTopping,0.2,1,1,1,1,1,1,1,1,1,1,1,1,1,1,0.25,1,1,0.33,1,1,1,1,1,1,1,1,1,1,1,1,1,1,1,1,1,1,1,1.0,1,1,1,1,1,1,1,1,1,1,1,1,1,1,1,1,1.0,1,1,1.0,1,0.5,1,1,1,1,1,1,1,1,1,1,1,1,1,1,1,1,1,1,1,1,1,1,1.0,1.0,1
pizza.Rosa,0.2,1,1,1,1,1,1,1,1,1,1,1,1,1,1,0.25,1,1,0.33,1,1,1,1,1,1,1,1,1,1,1,1,1,1,1,1,1,1,1,1.0,1,1,1,1,1,1,1,1,1,1,1,1,1,1,1,1,1.0,1,1,0.5,1,1.0,1,1,1,1,1,1,1,1,1,1,1,1,1,1,1,1,1,1,1,1,1,1,1.0,1.0,1
pizza.RosemaryTopping,0.2,1,1,1,1,1,1,1,1,1,1,1,1,1,1,0.25,1,1,0.33,1,1,1,1,1,1,1,1,1,1,1,1,1,1,1,1,1,1,1,1.0,1,1,1,1,1,1,1,1,1,1,1,1,1,1,1,1,1.0,1,1,1.0,1,0.5,1,1,1,1,1,1,1,1,1,1,1,1,1,1,1,1,1,1,1,1,1,1,1.0,1.0,1
pizza.SauceTopping,0.25,1,1,1,1,1,1,1,1,1,1,1,1,1,1,0.33,1,1,0.5,1,1,1,1,1,1,1,1,1,1,1,1,1,1,1,1,1,1,1,1.0,1,1,1,1,1,1,1,1,1,1,1,1,1,1,1,1,1.0,1,1,1.0,1,1.0,1,1,1,1,1,1,1,1,1,1,1,1,1,1,1,1,1,1,1,1,1,1,1.0,1.0,1
pizza.Siciliana,0.2,1,1,1,1,1,1,1,1,1,1,1,1,1,1,0.25,1,1,0.33,1,1,1,1,1,1,1,1,1,1,1,1,1,1,1,1,1,1,1,1.0,1,1,1,1,1,1,1,1,1,1,1,1,1,1,1,1,1.0,1,1,0.5,1,1.0,1,1,1,1,1,1,1,1,1,1,1,1,1,1,1,1,1,1,1,1,1,1,1.0,1.0,1
pizza.SlicedTomatoTopping,0.17,1,1,1,1,1,1,1,1,1,1,1,1,1,1,0.2,1,1,0.25,1,1,1,1,1,1,1,1,1,1,1,1,1,1,1,1,1,1,1,1.0,1,1,1,1,1,1,1,1,1,1,1,1,1,1,1,1,1.0,1,1,1.0,1,0.33,1,1,1,1,1,1,1,1,1,1,1,1,1,1,1,1,1,1,1,1,1,1,1.0,0.5,1
pizza.SloppyGiuseppe,0.2,1,1,1,1,1,1,1,1,1,1,1,1,1,1,0.25,1,1,0.33,1,1,1,1,1,1,1,1,1,1,1,1,1,1,1,1,1,1,1,1.0,1,1,1,1,1,1,1,1,1,1,1,1,1,1,1,1,1.0,1,1,0.5,1,1.0,1,1,1,1,1,1,1,1,1,1,1,1,1,1,1,1,1,1,1,1,1,1,1.0,1.0,1
pizza.Soho,0.2,1,1,1,1,1,1,1,1,1,1,1,1,1,1,0.25,1,1,0.33,1,1,1,1,1,1,1,1,1,1,1,1,1,1,1,1,1,1,1,1.0,1,1,1,1,1,1,1,1,1,1,1,1,1,1,1,1,1.0,1,1,0.5,1,1.0,1,1,1,1,1,1,1,1,1,1,1,1,1,1,1,1,1,1,1,1,1,1,1.0,1.0,1
pizza.Spiciness,0.5,1,1,1,1,1,1,1,1,1,1,1,1,1,1,1.0,1,1,1.0,1,1,1,1,1,1,1,1,1,1,1,1,1,1,1,1,1,1,1,1.0,1,1,1,1,1,1,1,1,1,1,1,1,1,1,1,1,1.0,1,1,1.0,1,1.0,1,1,1,1,1,1,1,1,1,1,1,1,1,1,1,1,1,1,1,1,1,1,1.0,1.0,1
pizza.SpinachTopping,0.2,1,1,1,1,1,1,1,1,1,1,1,1,1,1,0.25,1,1,0.33,1,1,1,1,1,1,1,1,1,1,1,1,1,1,1,1,1,1,1,1.0,1,1,1,1,1,1,1,1,1,1,1,1,1,1,1,1,1.0,1,1,1.0,1,0.5,1,1,1,1,1,1,1,1,1,1,1,1,1,1,1,1,1,1,1,1,1,1,1.0,1.0,1
pizza.SultanaTopping,0.2,1,1,1,1,1,1,1,1,1,1,1,1,1,1,0.25,1,1,0.33,1,1,1,1,1,1,1,1,1,1,1,1,1,1,1,1,1,1,1,1.0,1,1,1,1,1,1,1,1,1,1,1,1,1,1,1,1,1.0,1,1,1.0,1,0.5,1,1,1,1,1,1,1,1,1,1,1,1,1,1,1,1,1,1,1,1,1,1,1.0,1.0,1
pizza.SundriedTomatoTopping,0.17,1,1,1,1,1,1,1,1,1,1,1,1,1,1,0.2,1,1,0.25,1,1,1,1,1,1,1,1,1,1,1,1,1,1,1,1,1,1,1,1.0,1,1,1,1,1,1,1,1,1,1,1,1,1,1,1,1,1.0,1,1,1.0,1,0.33,1,1,1,1,1,1,1,1,1,1,1,1,1,1,1,1,1,1,1,1,1,1,1.0,0.5,1
pizza.SweetPepperTopping,0.17,1,1,1,1,1,1,1,1,1,1,1,1,1,1,0.2,1,1,0.25,1,1,1,1,1,1,1,1,1,1,1,1,1,1,1,1,1,1,1,1.0,1,1,1,1,1,1,1,1,1,1,1,1,1,1,1,1,1.0,1,1,1.0,1,0.33,1,1,1,1,1,1,1,1,1,1,1,1,1,1,1,1,1,1,1,1,1,1,1.0,0.5,1
pizza.ThinAndCrispyBase,0.25,1,1,1,1,1,1,1,1,1,1,1,1,1,1,0.33,1,1,0.5,1,1,1,1,1,1,1,1,1,1,1,1,1,1,1,1,1,1,1,1.0,1,1,1,1,1,1,1,1,1,1,1,1,1,1,1,1,1.0,1,1,1.0,1,1.0,1,1,1,1,1,1,1,1,1,1,1,1,1,1,1,1,1,1,1,1,1,1,1.0,1.0,1
pizza.TobascoPepperSauce,0.2,1,1,1,1,1,1,1,1,1,1,1,1,1,1,0.25,1,1,0.33,1,1,1,1,1,1,1,1,1,1,1,1,1,1,1,1,1,1,1,1.0,1,1,1,1,1,1,1,1,1,1,1,1,1,1,1,1,1.0,1,1,1.0,1,0.5,1,1,1,1,1,1,1,1,1,1,1,1,1,1,1,1,1,1,1,1,1,1,1.0,1.0,1
pizza.TomatoTopping,0.2,1,1,1,1,1,1,1,1,1,1,1,1,1,1,0.25,1,1,0.33,1,1,1,1,1,1,1,1,1,1,1,1,1,1,1,1,1,1,1,1.0,1,1,1,1,1,1,1,1,1,1,1,1,1,1,1,1,1.0,1,1,1.0,1,0.5,1,1,1,1,1,1,1,1,1,1,1,1,1,1,1,1,1,1,1,1,1,1,1.0,1.0,1
pizza.UnclosedPizza,0.25,1,1,1,1,1,1,1,1,1,1,1,1,1,1,0.33,1,1,0.5,1,1,1,1,1,1,1,1,1,1,1,1,1,1,1,1,1,1,1,1.0,1,1,1,1,1,1,1,1,1,1,1,1,1,1,1,1,1.0,1,1,1.0,1,1.0,1,1,1,1,1,1,1,1,1,1,1,1,1,1,1,1,1,1,1,1,1,1,1.0,1.0,1
pizza.ValuePartition,1.0,1,1,1,1,1,1,1,1,1,1,1,1,1,1,1.0,1,1,1.0,1,1,1,1,1,1,1,1,1,1,1,1,1,1,1,1,1,1,1,1.0,1,1,1,1,1,1,1,1,1,1,1,1,1,1,1,1,1.0,1,1,1.0,1,1.0,1,1,1,1,1,1,1,1,1,1,1,1,1,1,1,1,1,1,1,1,1,1,1.0,1.0,1
pizza.VegetableTopping,0.25,1,1,1,1,1,1,1,1,1,1,1,1,1,1,0.33,1,1,0.5,1,1,1,1,1,1,1,1,1,1,1,1,1,1,1,1,1,1,1,1.0,1,1,1,1,1,1,1,1,1,1,1,1,1,1,1,1,1.0,1,1,1.0,1,1.0,1,1,1,1,1,1,1,1,1,1,1,1,1,1,1,1,1,1,1,1,1,1,1.0,1.0,1
pizza.Veneziana,0.2,1,1,1,1,1,1,1,1,1,1,1,1,1,1,0.25,1,1,0.33,1,1,1,1,1,1,1,1,1,1,1,1,1,1,1,1,1,1,1,1.0,1,1,1,1,1,1,1,1,1,1,1,1,1,1,1,1,1.0,1,1,0.5,1,1.0,1,1,1,1,1,1,1,1,1,1,1,1,1,1,1,1,1,1,1,1,1,1,1.0,1.0,1
